item,itemLabel,itemDescription,instanceLabel,subclassLabel,image
http://www.wikidata.org/entity/Q34749,social science,academic discipline concerned with society and the relationships,class used in Universal Decimal Classification,science,http://commons.wikimedia.org/wiki/Special:FilePath/Da%20Vinci%20Vitruve%20Luc%20Viatour.jpg
http://www.wikidata.org/entity/Q43455,ethnology,social science that deals with ethnies (Peoples),cultural studies,cultural studies,http://commons.wikimedia.org/wiki/Special:FilePath/Huculi%201902.png
http://www.wikidata.org/entity/Q43455,ethnology,social science that deals with ethnies (Peoples),cultural studies,cultural studies,http://commons.wikimedia.org/wiki/Special:FilePath/Town%20chief%20Mamadou%20Mansary%20%28centre%20with%20white%20beard%29%20and%20some%20residents%20of%20Bafodia%2C%20Sierra%20Leone%20%28West%20Africa%29%20%282078274863%29.jpg
http://www.wikidata.org/entity/Q43455,ethnology,social science that deals with ethnies (Peoples),cultural studies,cultural studies,http://commons.wikimedia.org/wiki/Special:FilePath/Vic%20Dessos%20Cabanne%20au%20col%20chemin%20d%27Aubus%20Regnault-%20M.Cochet%20-%20Fonds%20Trutat%20-%20MHNT.PHa.912.A422.jpg
http://www.wikidata.org/entity/Q333,astronomy,natural science that deals with the study of celestial objects,branch of science,exact science,http://commons.wikimedia.org/wiki/Special:FilePath/Blue%20stragglers%20in%20NGC%206397.jpg
http://www.wikidata.org/entity/Q34749,social science,academic discipline concerned with society and the relationships,class used in Universal Decimal Classification,science,http://commons.wikimedia.org/wiki/Special:FilePath/Wealth%20of%20Nations%20title.jpg
http://www.wikidata.org/entity/Q420,biology,study of life,academic discipline,natural science,http://commons.wikimedia.org/wiki/Special:FilePath/Aerial%20view%20of%20the%20Amazon%20Rainforest.jpg
http://www.wikidata.org/entity/Q11190,medicine,"field of study for diagnosing, treating and preventing disease",field of study,health science,http://commons.wikimedia.org/wiki/Special:FilePath/Physical%20examination.jpg
http://www.wikidata.org/entity/Q418,telecommunication,transmission of information between locations using electromagnetics,branch of science,remote communication,http://commons.wikimedia.org/wiki/Special:FilePath/Amfm3.gif
http://www.wikidata.org/entity/Q11190,medicine,"field of study for diagnosing, treating and preventing disease",health science,health science,http://commons.wikimedia.org/wiki/Special:FilePath/Physical%20examination.jpg
http://www.wikidata.org/entity/Q338,cosmology,academic study of the Universe,academic discipline,physics,http://commons.wikimedia.org/wiki/Special:FilePath/Universum.jpg
http://www.wikidata.org/entity/Q11650,electronics,"physics, engineering, technology and applications that deal with the emission, flow and control of electrons in vacuum and matter",industry,technique,http://commons.wikimedia.org/wiki/Special:FilePath/Arduino%20ftdi%20chip-1.jpg
http://www.wikidata.org/entity/Q11650,electronics,"physics, engineering, technology and applications that deal with the emission, flow and control of electrons in vacuum and matter",industry,applied physics,http://commons.wikimedia.org/wiki/Special:FilePath/Arduino%20ftdi%20chip-1.jpg
http://www.wikidata.org/entity/Q333,astronomy,natural science that deals with the study of celestial objects,branch of science,natural science,http://commons.wikimedia.org/wiki/Special:FilePath/Blue%20stragglers%20in%20NGC%206397.jpg
http://www.wikidata.org/entity/Q2329,chemistry,"branch of physical science concerned with the composition, structure and properties of matter",branch of science,physical science,http://commons.wikimedia.org/wiki/Special:FilePath/Chemicals%20in%20flasks.jpg
http://www.wikidata.org/entity/Q8008,earth sciences,fields of science dealing with planet Earth,branch of science,natural science,http://commons.wikimedia.org/wiki/Special:FilePath/DirkvdM%20rocks.jpg
http://www.wikidata.org/entity/Q8008,earth sciences,fields of science dealing with planet Earth,branch of science,natural science,http://commons.wikimedia.org/wiki/Special:FilePath/Limu%20o%20Pele.jpg
http://www.wikidata.org/entity/Q8008,earth sciences,fields of science dealing with planet Earth,branch of science,natural science,http://commons.wikimedia.org/wiki/Special:FilePath/Seawifs%20global%20biosphere%20Centered%20on%20the%20Pacific.jpg
http://www.wikidata.org/entity/Q394,metrology,science of measurement and its application,branch of science,physical science,http://commons.wikimedia.org/wiki/Special:FilePath/MicrometerInside5-30%2025-50.jpg
http://www.wikidata.org/entity/Q43455,ethnology,social science that deals with ethnies (Peoples),academic discipline,cultural studies,http://commons.wikimedia.org/wiki/Special:FilePath/Cultura%20material%20%28Museu%20Valenci%C3%A0%20d%27Etnologia%29.jpg
http://www.wikidata.org/entity/Q11190,medicine,"field of study for diagnosing, treating and preventing disease",academic discipline,health science,http://commons.wikimedia.org/wiki/Special:FilePath/Physical%20examination.jpg
http://www.wikidata.org/entity/Q11023,engineering,applied science,branch of science,applied science,http://commons.wikimedia.org/wiki/Special:FilePath/Adjusting%20a%20power%20meter%20at%20an%20optical%20communications%20system%20testbed.jpg
http://www.wikidata.org/entity/Q11650,electronics,"physics, engineering, technology and applications that deal with the emission, flow and control of electrons in vacuum and matter",branch of science,technique,http://commons.wikimedia.org/wiki/Special:FilePath/Arduino%20ftdi%20chip-1.jpg
http://www.wikidata.org/entity/Q11650,electronics,"physics, engineering, technology and applications that deal with the emission, flow and control of electrons in vacuum and matter",branch of science,applied physics,http://commons.wikimedia.org/wiki/Special:FilePath/Arduino%20ftdi%20chip-1.jpg
http://www.wikidata.org/entity/Q7991,natural science,branch of science about the natural world,branch of science,science,http://commons.wikimedia.org/wiki/Special:FilePath/ADN%20animation.gif
http://www.wikidata.org/entity/Q7991,natural science,branch of science about the natural world,branch of science,science,http://commons.wikimedia.org/wiki/Special:FilePath/Brokechromo.jpg
http://www.wikidata.org/entity/Q7991,natural science,branch of science about the natural world,branch of science,science,http://commons.wikimedia.org/wiki/Special:FilePath/NaturalScienceMontage.png
http://www.wikidata.org/entity/Q34749,social science,academic discipline concerned with society and the relationships,branch of science,science,http://commons.wikimedia.org/wiki/Special:FilePath/Da%20Vinci%20Vitruve%20Luc%20Viatour.jpg
http://www.wikidata.org/entity/Q11661,Information Technology,"development, management, and use of computer-based information systems",industry,technology,http://commons.wikimedia.org/wiki/Special:FilePath/Papertape3.jpg
http://www.wikidata.org/entity/Q43455,ethnology,social science that deals with ethnies (Peoples),academic discipline,cultural studies,http://commons.wikimedia.org/wiki/Special:FilePath/Huculi%201902.png
http://www.wikidata.org/entity/Q43455,ethnology,social science that deals with ethnies (Peoples),academic discipline,cultural studies,http://commons.wikimedia.org/wiki/Special:FilePath/Town%20chief%20Mamadou%20Mansary%20%28centre%20with%20white%20beard%29%20and%20some%20residents%20of%20Bafodia%2C%20Sierra%20Leone%20%28West%20Africa%29%20%282078274863%29.jpg
http://www.wikidata.org/entity/Q43455,ethnology,social science that deals with ethnies (Peoples),academic discipline,cultural studies,http://commons.wikimedia.org/wiki/Special:FilePath/Vic%20Dessos%20Cabanne%20au%20col%20chemin%20d%27Aubus%20Regnault-%20M.Cochet%20-%20Fonds%20Trutat%20-%20MHNT.PHa.912.A422.jpg
http://www.wikidata.org/entity/Q34749,social science,academic discipline concerned with society and the relationships,branch of science,science,http://commons.wikimedia.org/wiki/Special:FilePath/Wealth%20of%20Nations%20title.jpg
http://www.wikidata.org/entity/Q43455,ethnology,social science that deals with ethnies (Peoples),social science,cultural studies,http://commons.wikimedia.org/wiki/Special:FilePath/Cultura%20material%20%28Museu%20Valenci%C3%A0%20d%27Etnologia%29.jpg
http://www.wikidata.org/entity/Q8008,earth sciences,fields of science dealing with planet Earth,academic discipline,natural science,http://commons.wikimedia.org/wiki/Special:FilePath/DirkvdM%20rocks.jpg
http://www.wikidata.org/entity/Q8008,earth sciences,fields of science dealing with planet Earth,academic discipline,natural science,http://commons.wikimedia.org/wiki/Special:FilePath/Limu%20o%20Pele.jpg
http://www.wikidata.org/entity/Q8008,earth sciences,fields of science dealing with planet Earth,academic discipline,natural science,http://commons.wikimedia.org/wiki/Special:FilePath/Seawifs%20global%20biosphere%20Centered%20on%20the%20Pacific.jpg
http://www.wikidata.org/entity/Q11661,Information Technology,"development, management, and use of computer-based information systems",branch of science,technology,http://commons.wikimedia.org/wiki/Special:FilePath/Papertape3.jpg
http://www.wikidata.org/entity/Q394,metrology,science of measurement and its application,academic discipline,physical science,http://commons.wikimedia.org/wiki/Special:FilePath/MicrometerInside5-30%2025-50.jpg
http://www.wikidata.org/entity/Q11661,Information Technology,"development, management, and use of computer-based information systems",industry,service,http://commons.wikimedia.org/wiki/Special:FilePath/Papertape3.jpg
http://www.wikidata.org/entity/Q394,metrology,science of measurement and its application,academic major,physical science,http://commons.wikimedia.org/wiki/Special:FilePath/MicrometerInside5-30%2025-50.jpg
http://www.wikidata.org/entity/Q11468,nanotechnology,field of applied science whose theme is the control of matter on atomic and (supra)molecular scale,branch of science,technology,http://commons.wikimedia.org/wiki/Special:FilePath/Fullerene%20Nanogears%20-%20GPN-2000-001535.jpg
http://www.wikidata.org/entity/Q11468,nanotechnology,field of applied science whose theme is the control of matter on atomic and (supra)molecular scale,branch of science,technology,http://commons.wikimedia.org/wiki/Special:FilePath/Kohlenstoffnanoroehre%20Animation.gif
http://www.wikidata.org/entity/Q11023,engineering,applied science,academic discipline,applied science,http://commons.wikimedia.org/wiki/Special:FilePath/Adjusting%20a%20power%20meter%20at%20an%20optical%20communications%20system%20testbed.jpg
http://www.wikidata.org/entity/Q43455,ethnology,social science that deals with ethnies (Peoples),social science,cultural studies,http://commons.wikimedia.org/wiki/Special:FilePath/Huculi%201902.png
http://www.wikidata.org/entity/Q43455,ethnology,social science that deals with ethnies (Peoples),social science,cultural studies,http://commons.wikimedia.org/wiki/Special:FilePath/Town%20chief%20Mamadou%20Mansary%20%28centre%20with%20white%20beard%29%20and%20some%20residents%20of%20Bafodia%2C%20Sierra%20Leone%20%28West%20Africa%29%20%282078274863%29.jpg
http://www.wikidata.org/entity/Q43455,ethnology,social science that deals with ethnies (Peoples),social science,cultural studies,http://commons.wikimedia.org/wiki/Special:FilePath/Vic%20Dessos%20Cabanne%20au%20col%20chemin%20d%27Aubus%20Regnault-%20M.Cochet%20-%20Fonds%20Trutat%20-%20MHNT.PHa.912.A422.jpg
http://www.wikidata.org/entity/Q420,biology,study of life,branch of science,natural science,http://commons.wikimedia.org/wiki/Special:FilePath/Aerial%20view%20of%20the%20Amazon%20Rainforest.jpg
http://www.wikidata.org/entity/Q43455,ethnology,social science that deals with ethnies (Peoples),cultural studies,cultural studies,http://commons.wikimedia.org/wiki/Special:FilePath/Cultura%20material%20%28Museu%20Valenci%C3%A0%20d%27Etnologia%29.jpg
http://www.wikidata.org/entity/Q11661,Information Technology,"development, management, and use of computer-based information systems",branch of science,service,http://commons.wikimedia.org/wiki/Special:FilePath/Papertape3.jpg
http://www.wikidata.org/entity/Q7991,natural science,branch of science about the natural world,school subject,science,http://commons.wikimedia.org/wiki/Special:FilePath/ADN%20animation.gif
http://www.wikidata.org/entity/Q7991,natural science,branch of science about the natural world,school subject,science,http://commons.wikimedia.org/wiki/Special:FilePath/Brokechromo.jpg
http://www.wikidata.org/entity/Q7991,natural science,branch of science about the natural world,school subject,science,http://commons.wikimedia.org/wiki/Special:FilePath/NaturalScienceMontage.png
http://www.wikidata.org/entity/Q338,cosmology,academic study of the Universe,branch of science,physics,http://commons.wikimedia.org/wiki/Special:FilePath/Universum.jpg
http://www.wikidata.org/entity/Q279029,string cosmology,,,,
http://www.wikidata.org/entity/Q430570,Q430570,,,,
http://www.wikidata.org/entity/Q893206,Q893206,,,,
http://www.wikidata.org/entity/Q780685,quantum cosmology,,,,
http://www.wikidata.org/entity/Q1046109,Q1046109,,,,
http://www.wikidata.org/entity/Q864512,biocybernetics,,,,
http://www.wikidata.org/entity/Q1235196,documentation science,,,,
http://www.wikidata.org/entity/Q1653569,Q1653569,,,,
http://www.wikidata.org/entity/Q670703,Reichsbanner Schwarz-Rot-Gold,,,,
http://www.wikidata.org/entity/Q212881,history of physics,aspect of history,,,
http://www.wikidata.org/entity/Q1666910,International Society for Scientometrics and Informetrics,,,,
http://www.wikidata.org/entity/Q1753447,Project-based learning,,,,
http://www.wikidata.org/entity/Q83371,seismology,scientific study of earthquakes,,,
http://www.wikidata.org/entity/Q474200,shipbuilding,construction of ships and floating vessels,,,
http://www.wikidata.org/entity/Q212919,palynology,study of dust,,,
http://www.wikidata.org/entity/Q192116,cryogenics,study of the production and behaviour of materials at very low temperatures,,,
http://www.wikidata.org/entity/Q720858,human ecology,"interdisciplinary and transdisciplinary study of the relationship between humans and their natural, social, and built environments",,,
http://www.wikidata.org/entity/Q905421,Differentiated instruction,,,,
http://www.wikidata.org/entity/Q1384130,exopolitics,,,,
http://www.wikidata.org/entity/Q184274,celestial mechanics,branch of astronomy,,,
http://www.wikidata.org/entity/Q131222,information theory,mathematical theory from the field of probability theory and statistics,,,
http://www.wikidata.org/entity/Q133805,epidemiology,"study of the patterns, causes, and effects of health and disease conditions",,,
http://www.wikidata.org/entity/Q193627,logical positivism,20th century philosophical movement which believed that indicative sentences were only cognitively meaningful if there existed an effective procedure for verifying their truth,,,
http://www.wikidata.org/entity/Q210958,monophyly,"condition of being monophyletic, of including all descendants from a given ancestral species",,,
http://www.wikidata.org/entity/Q173113,agronomy,"science and technology of producing and using plants for food, fuel, fiber, and reclamation",,,
http://www.wikidata.org/entity/Q193343,tectonics,,,,
http://www.wikidata.org/entity/Q191567,Zerebralisation,the evolutionary development of the brain volume and the degree of deployment of the brain of vertebrates and man,,,
http://www.wikidata.org/entity/Q193091,optoelectronics,branch of electronics involving optics,,,
http://www.wikidata.org/entity/Q321249,applied linguistics,"interdisciplinary field of linguistics that identifies, investigates, and offers solutions to language-related real-life problems",,,
http://www.wikidata.org/entity/Q710679,traditional Korean medicine,,,,
http://www.wikidata.org/entity/Q373184,surface science,"study of physical and chemical phenomena that occur at the interface of two phases,including solid–liquid interfaces,solid–gas interfaces, solid–vacuum interfaces, liquid–gas interfaces.It includes the fields of surface chemistry, surface physics",,,
http://www.wikidata.org/entity/Q228736,materials science,interdisciplinary field which deals with the discovery and design of new materials; primarily concerned with the physical and chemical properties of solids,,,
http://www.wikidata.org/entity/Q1662034,industrial history,,,,
http://www.wikidata.org/entity/Q864277,Bioelectrochemistry,,,,
http://www.wikidata.org/entity/Q403356,kampo,"system of diagnosis, therapy and study of traditional Chinese medicine in Japan",,,
http://www.wikidata.org/entity/Q351625,theoretical linguistics,,,,
http://www.wikidata.org/entity/Q719597,energetics,,,,
http://www.wikidata.org/entity/Q758881,audiometry,,,,
http://www.wikidata.org/entity/Q472342,scientometrics,"study of measuring and analysing science, technology and innovation",,,
http://www.wikidata.org/entity/Q909495,interface and colloid science,,,,
http://www.wikidata.org/entity/Q843601,health science,applied sciences in healthcare,,,
http://www.wikidata.org/entity/Q1637913,Non-standard cosmology,,,,
http://www.wikidata.org/entity/Q510293,musical acoustics,branch of acoustics concerned with researching and describing the physics of music,,,
http://www.wikidata.org/entity/Q816264,formal science,"disciplines concerned with formal systems, such as logic, mathematics, and game theory",,,
http://www.wikidata.org/entity/Q838123,data redundancy,data additional to the actual data and permits correction of errors in stored or transmitted data,,,
http://www.wikidata.org/entity/Q174502,Bioelectronics,,,,
http://www.wikidata.org/entity/Q997006,characterology,,,,
http://www.wikidata.org/entity/Q1412144,ecotoxicology,,,,
http://www.wikidata.org/entity/Q1515134,Krausism,,,,
http://www.wikidata.org/entity/Q1365243,tropical medicine,medical specialty,,,
http://www.wikidata.org/entity/Q457646,Jenaplan schools,,,,
http://www.wikidata.org/entity/Q475023,exact science,,,,
http://www.wikidata.org/entity/Q1501881,paleoseismology,study of earthquakes that happened in the past,,,
http://www.wikidata.org/entity/Q1206895,text linguistics,,,,
http://www.wikidata.org/entity/Q847526,queueing theory,"mathematical study of waiting lines, or queues",,,
http://www.wikidata.org/entity/Q864269,biodiversity informatics,scholarly discipline,,,
http://www.wikidata.org/entity/Q895809,sixth form,education in the United Kingdom and some Commonwealth countries,,,
http://www.wikidata.org/entity/Q903932,Woodward's rules,rules to predict the maximum absorption wavelenght of a compund in UV-Vis spectra,,,
http://www.wikidata.org/entity/Q928786,area studies,interdisciplinary fields of research,,,
http://www.wikidata.org/entity/Q168091,animal science,interdisciplinary science dealing with the biology of animals,,,
http://www.wikidata.org/entity/Q1710346,posturography,,,,
http://www.wikidata.org/entity/Q751447,astrognosy,,,,
http://www.wikidata.org/entity/Q445199,Exciter,engineering,,,
http://www.wikidata.org/entity/Q819115,molecular nanotechnology,"technology based on the ability to build structures to complex, atomic specifications by means of mechanosynthesis",,,
http://www.wikidata.org/entity/Q819121,osteology,scientific study of bones,,,
http://www.wikidata.org/entity/Q1026962,digital humanities,an area of scholarly activity at the intersection of computing or digital technologies and the disciplines of the humanities,,,
http://www.wikidata.org/entity/Q1273263,digital competence,,,,
http://www.wikidata.org/entity/Q796309,BMC Software,"BMC Software offers IT software, solutions, and services in the areas of service management, automation, operations, and mainframe.",,,
http://www.wikidata.org/entity/Q864928,life sciences,branch of science about life,,,
http://www.wikidata.org/entity/Q899293,organology,science of musical instruments and their classification,,,
http://www.wikidata.org/entity/Q903820,field theory,theory in mathematics,,,
http://www.wikidata.org/entity/Q1662553,information ethics,branch of ethics,,,
http://www.wikidata.org/entity/Q180165,mechatronics,combination of electronics and mechanics,,,
http://www.wikidata.org/entity/Q1074953,microscopy,technical field of using microscopes to view samples and objects that cannot be seen with the unaided eye,,,
http://www.wikidata.org/entity/Q289610,oscillation theory,,,,
http://www.wikidata.org/entity/Q1122446,computer ethics,,,,
http://www.wikidata.org/entity/Q1357314,selenodesy,,,,
http://www.wikidata.org/entity/Q1514380,posturology,,,,
http://www.wikidata.org/entity/Q1708176,Vietnamese studies,study of Vietnam and related topics,,,
http://www.wikidata.org/entity/Q1140541,microhistory,intensive historical investigation of a well-defined smaller unit of research,,,
http://www.wikidata.org/entity/Q864826,biostratigraphy,,,,
http://www.wikidata.org/entity/Q1366192,system identification,method of identifying or measuring the mathematical model of a system from measurements of the system inputs and outputs; uses statistical methods to build mathematical models of dynamical systems from measured data,,,
http://www.wikidata.org/entity/Q1440020,geostatistics,,,,
http://www.wikidata.org/entity/Q1049613,acceleration of the universe,rate of increase in the expansion of the universe,,,
http://www.wikidata.org/entity/Q152827,geodynamics,subfield of geophysics dealing with dynamics of the Earth,,,
http://www.wikidata.org/entity/Q1515727,psychopharmacology,"the study of the effects drugs have on mood, sensation, thinking, and behavior",,,
http://www.wikidata.org/entity/Q1268199,managerial finance,"part of the economic and business process is divided into investment, financing and risk management",,,
http://www.wikidata.org/entity/Q1413113,Eastern European studies,academic discipline,,,
http://www.wikidata.org/entity/Q1418771,culturology,"branch of social sciences concerned with the scientific understanding, description, analysis, and prediction of cultures as a whole",,,
http://www.wikidata.org/entity/Q1425623,Alltagsgeschichte,"form of microhistory founded by historians Alf Luedtke and Hans Medick, prevalent during the 1980s",,,
http://www.wikidata.org/entity/Q171184,phylogenetics,"study of the evolutionary history and relationships among individuals or groups of organisms; application of molecular - analytical methods (i.e. molecular biology and genomics), in the explanation of phylogeny and its research",,,
http://www.wikidata.org/entity/Q1520176,unani,traditional medicine from the mughal empire,,,
http://www.wikidata.org/entity/Q741242,Q741242,"church building in Venice, Italy",,,
http://www.wikidata.org/entity/Q1484284,functionalism,social science,,,
http://www.wikidata.org/entity/Q1644403,Q1644403,apparatus for the reception of radio or television broadcasts,,,
http://www.wikidata.org/entity/Q181839,pragmatics,branch of linguistics,,,
http://www.wikidata.org/entity/Q83353,mineralogy,scientific study of minerals,,,
http://www.wikidata.org/entity/Q188847,environmental science,the interdisciplinary field that studies human interaction with the environment,,,
http://www.wikidata.org/entity/Q327358,word formation,creation of a new word,,,
http://www.wikidata.org/entity/Q191069,paleoclimatology,study of changes in climate taken on the scale of the entire history of Earth,,,
http://www.wikidata.org/entity/Q3932108,Cannizzaro rule,Method for calculating atomic weight,,,
http://www.wikidata.org/entity/Q5142952,Colegio del Sagrado Corazon de Jesus,Iloilo City,,,
http://www.wikidata.org/entity/Q1790348,Q1790348,,,,
http://www.wikidata.org/entity/Q1920186,Q1920186,,,,
http://www.wikidata.org/entity/Q2414942,Q2414942,,,,
http://www.wikidata.org/entity/Q2443953,Q2443953,,,,
http://www.wikidata.org/entity/Q2643081,Q2643081,,,,
http://www.wikidata.org/entity/Q2644091,Q2644091,,,,
http://www.wikidata.org/entity/Q2274060,Disaster medicine,,,,
http://www.wikidata.org/entity/Q2624576,Petrogenesis,,,,
http://www.wikidata.org/entity/Q3326693,Q3326693,,,,
http://www.wikidata.org/entity/Q2998314,Observational cosmology,,,,
http://www.wikidata.org/entity/Q3570863,Q3570863,,,,
http://www.wikidata.org/entity/Q3754311,Q3754311,,,,
http://www.wikidata.org/entity/Q3769826,Q3769826,,,,
http://www.wikidata.org/entity/Q4181964,Q4181964,,,,
http://www.wikidata.org/entity/Q4191242,Q4191242,,,,
http://www.wikidata.org/entity/Q4201009,Q4201009,,,,
http://www.wikidata.org/entity/Q3580115,classical education movement,,,,
http://www.wikidata.org/entity/Q4261907,Q4261907,,,,
http://www.wikidata.org/entity/Q4345733,Q4345733,,,,
http://www.wikidata.org/entity/Q4380968,Q4380968,,,,
http://www.wikidata.org/entity/Q4532729,Eskimology,,,,
http://www.wikidata.org/entity/Q4975270,Broome Bird Observatory,,,,
http://www.wikidata.org/entity/Q1754430,Volkerpsychologie,,,,
http://www.wikidata.org/entity/Q3995923,Environmental toxicology,multidisciplinary field of science,,,
http://www.wikidata.org/entity/Q2996789,Virtual school,school that teaches students through Internet,,,
http://www.wikidata.org/entity/Q3363772,formalism,study of art by analyzing and comparing form and style,,,
http://www.wikidata.org/entity/Q4376413,practical psychology,,,,
http://www.wikidata.org/entity/Q4445507,Shipbuilding in Russia,,,,
http://www.wikidata.org/entity/Q4671451,Academy of Finance,,,,
http://www.wikidata.org/entity/Q3053334,nautical science,,,,
http://www.wikidata.org/entity/Q3306816,freshwater biology,,,,
http://www.wikidata.org/entity/Q3536003,radiotoxicology,,,,
http://www.wikidata.org/entity/Q3821752,Types of rural communities,,,,
http://www.wikidata.org/entity/Q4569238,economic methodology,,,,
http://www.wikidata.org/entity/Q1931606,semasiology,,,,
http://www.wikidata.org/entity/Q4919060,Bitterne Park School,"secondary school with sixth form in Southampton, UK",,,
http://www.wikidata.org/entity/Q3632898,electrometallurgy,field concerned with the processes of metal electrodeposition,,,
http://www.wikidata.org/entity/Q4316669,necropolis studies,academic discipline,,,
http://www.wikidata.org/entity/Q4819613,Auctores octo morales,,,,
http://www.wikidata.org/entity/Q2189517,Plasma cosmology,,,,
http://www.wikidata.org/entity/Q3551267,Fractal cosmology,,,,
http://www.wikidata.org/entity/Q4697520,Ainsworths,,,,
http://www.wikidata.org/entity/Q4914852,biogeophysics,subdiscipline of geophysics,,,
http://www.wikidata.org/entity/Q5168793,Copper mining in the Democratic Republic of the Congo,,,,
http://www.wikidata.org/entity/Q1965418,equant,,,,
http://www.wikidata.org/entity/Q4791219,Arizona's Instrument to Measure Standards,a standardized test administered by the state of Arizona.,,,
http://www.wikidata.org/entity/Q3478658,knowledge representation and reasoning,field of artificial intelligence dedicated to representing information about the world in a form that a computer system can utilize to solve complex tasks,,,
http://www.wikidata.org/entity/Q4724365,Algorithmic probability,,,,
http://www.wikidata.org/entity/Q2169119,Fingers of God,,,,
http://www.wikidata.org/entity/Q2251440,school pedagogy,,,,
http://www.wikidata.org/entity/Q2868255,clinimetrics,,,,
http://www.wikidata.org/entity/Q3813960,Solar-like oscillations,,,,
http://www.wikidata.org/entity/Q4920115,Black-hole cosmology,,,,
http://www.wikidata.org/entity/Q1932915,Piezoresistive effect,,,,
http://www.wikidata.org/entity/Q2688000,psychology of science,,,,
http://www.wikidata.org/entity/Q3589138,Epidemiology of tuberculosis,,,,
http://www.wikidata.org/entity/Q3589139,Epidemiology of suicide,,,,
http://www.wikidata.org/entity/Q4841363,Bag Balm,Bag Balm in Russian Language,,,
http://www.wikidata.org/entity/Q3439913,traditional Asian medicine,,,,
http://www.wikidata.org/entity/Q4129792,Higher Women's Polytechnic Courses,University in Russia,,,
http://www.wikidata.org/entity/Q5058323,cellomics,quantitative cell analysis using bioimaging methods,,,
http://www.wikidata.org/entity/Q3506050,cryptovirology,,,,
http://www.wikidata.org/entity/Q5008562,CADMOS,submarine telecommunications cable system,,,
http://www.wikidata.org/entity/Q3919817,behavioural sciences,exploration of the cognitive processes within organisms and the behavioral interactions between organisms in the natural world,,,
http://www.wikidata.org/entity/Q1823502,light sheet fluorescence microscopy,,,,
http://www.wikidata.org/entity/Q5108941,Christ (deemed to be university),private autonomous university in Bangalore,,,
http://www.wikidata.org/entity/Q1898366,bioclimatology,,,,
http://www.wikidata.org/entity/Q1791800,cultural materialism,anthropological research orientation first introduced by Marvin Harris in 1968,,,
http://www.wikidata.org/entity/Q3410140,psychosociology,,,,
http://www.wikidata.org/entity/Q4914735,biocultural anthropology,,,,
http://www.wikidata.org/entity/Q4915164,biomusicology,,,,
http://www.wikidata.org/entity/Q3044418,linguistic demography,,,,
http://www.wikidata.org/entity/Q1807978,suicidology,scientific study of suicide and self-destructive behaviors,,,
http://www.wikidata.org/entity/Q2120372,pedology,study of children's behavior and development,,,
http://www.wikidata.org/entity/Q2419207,dynamic meteorology,Theoretical meteorology,,,
http://www.wikidata.org/entity/Q2501507,history of costume,study of fashion and clothing by period in time,,,
http://www.wikidata.org/entity/Q1887105,maledictology,"branch of psycholinguistics, sociolinguistics, and psychology that deals with the cursing and swearing",,,
http://www.wikidata.org/entity/Q3648891,biogeocoenology,study of ecosystems,,,
http://www.wikidata.org/entity/Q2461938,oneirology,scientific study of dreaming,,,
http://www.wikidata.org/entity/Q2167061,systems science,interdisciplinary field that studies the nature of systems,,,
http://www.wikidata.org/entity/Q1783534,conversion,linguistic technique,,,
http://www.wikidata.org/entity/Q3743777,telmatology,branch of physical geography concerned with the study of wetlands,,,
http://www.wikidata.org/entity/Q2863444,aromachology,the study of the influence of odors on human behavior and to examine the relationship between feelings and emotions,,,
http://www.wikidata.org/entity/Q4811558,astroecology,study of biota with space environments,,,
http://www.wikidata.org/entity/Q2699662,history of historiography,historical discipline studying the development of historical writing,,,
http://www.wikidata.org/entity/Q2362817,addictology,an autonomous interdisciplinary field of science which focuses on substance-related and addictive disorders,,,
http://www.wikidata.org/entity/Q2976606,phylogenetic nomenclature,proposed field of nomenclature,,,
http://www.wikidata.org/entity/Q3248417,private,opposite of public,,,
http://www.wikidata.org/entity/Q1757543,Algorithmic information theory,subfield of information theory and computer science,,,
http://www.wikidata.org/entity/Q3050604,EDGAR,US SEC computer system,,,
http://www.wikidata.org/entity/Q2743872,Open English,online English school,,,
http://www.wikidata.org/entity/Q2972371,International Centre for Advanced Mediterranean Agronomic Studies,"government organization in Valenzano, Italy",,,
http://www.wikidata.org/entity/Q1785846,molecular ecology,"field of evolutionary biology that applies molecular population genetics, molecular phylogenetics, genomics to ecological questions",,,
http://www.wikidata.org/entity/Q3174497,dynamical systems theory,"area of mathematics used to describe the behavior of complex dynamical systems, usually by employing differential equations or difference equations",,,
http://www.wikidata.org/entity/Q3828108,Compression,geological term,,,
http://www.wikidata.org/entity/Q4049153,Scientometrics,journal,,,
http://www.wikidata.org/entity/Q4370501,Abstinence-only sex education,form of sex education that teaches not having sex outside of marriage,,,
http://www.wikidata.org/entity/Q12404094,Anti - Mehikon,electronic device,,,
http://www.wikidata.org/entity/Q5638637,Q5638637,,,,
http://www.wikidata.org/entity/Q5679708,Q5679708,,,,
http://www.wikidata.org/entity/Q5707344,Q5707344,,,,
http://www.wikidata.org/entity/Q5721154,Q5721154,,,,
http://www.wikidata.org/entity/Q6012108,Q6012108,,,,
http://www.wikidata.org/entity/Q6024136,Q6024136,,,,
http://www.wikidata.org/entity/Q6033847,Inhomogeneous cosmology,,,,
http://www.wikidata.org/entity/Q12149006,metabolomics,scientific study of chemical processes involving metabolites,,,
http://www.wikidata.org/entity/Q7069061,Numark,,,,
http://www.wikidata.org/entity/Q7791293,Thomas Jefferson and education,,,,
http://www.wikidata.org/entity/Q8776333,Q8776333,,,,
http://www.wikidata.org/entity/Q8776336,Q8776336,,,,
http://www.wikidata.org/entity/Q8778433,Q8778433,,,,
http://www.wikidata.org/entity/Q7900878,Urolite,,,,
http://www.wikidata.org/entity/Q8961545,Q8961545,,,,
http://www.wikidata.org/entity/Q9048164,Q9048164,,,,
http://www.wikidata.org/entity/Q9049021,Q9049021,,,,
http://www.wikidata.org/entity/Q9063445,Q9063445,,,,
http://www.wikidata.org/entity/Q9090874,Q9090874,,,,
http://www.wikidata.org/entity/Q10473651,Q10473651,,,,
http://www.wikidata.org/entity/Q5275911,Digital Life,,,,
http://www.wikidata.org/entity/Q11663153,Q11663153,,,,
http://www.wikidata.org/entity/Q11774920,Q11774920,,,,
http://www.wikidata.org/entity/Q11790208,Q11790208,,,,
http://www.wikidata.org/entity/Q11907167,Q11907167,,,,
http://www.wikidata.org/entity/Q11912671,Q11912671,,,,
http://www.wikidata.org/entity/Q11912825,Q11912825,,,,
http://www.wikidata.org/entity/Q11914005,Q11914005,,,,
http://www.wikidata.org/entity/Q11914915,Q11914915,,,,
http://www.wikidata.org/entity/Q11915232,Q11915232,,,,
http://www.wikidata.org/entity/Q11919491,Q11919491,,,,
http://www.wikidata.org/entity/Q11920630,Q11920630,,,,
http://www.wikidata.org/entity/Q11923095,Q11923095,,,,
http://www.wikidata.org/entity/Q11923180,Q11923180,,,,
http://www.wikidata.org/entity/Q11937138,Q11937138,,,,
http://www.wikidata.org/entity/Q11942874,Q11942874,,,,
http://www.wikidata.org/entity/Q11955740,Q11955740,,,,
http://www.wikidata.org/entity/Q12038551,Q12038551,,,,
http://www.wikidata.org/entity/Q12054298,Q12054298,,,,
http://www.wikidata.org/entity/Q12076675,Q12076675,,,,
http://www.wikidata.org/entity/Q12299844,Q12299844,,,,
http://www.wikidata.org/entity/Q12330353,Q12330353,,,,
http://www.wikidata.org/entity/Q12354141,Q12354141,,,,
http://www.wikidata.org/entity/Q12592556,Q12592556,,,,
http://www.wikidata.org/entity/Q11819931,Baltic southern coast,,,,
http://www.wikidata.org/entity/Q12205611,astronomical geography,,,,
http://www.wikidata.org/entity/Q12802826,Common Core,educational program in former Socialist Federal Republic of Yugoslavia,,,
http://www.wikidata.org/entity/Q5183823,Credé's maneuver,,,,
http://www.wikidata.org/entity/Q5655829,Mexican literary association of the 19th century,,,,
http://www.wikidata.org/entity/Q10581862,Merkonom,,,,
http://www.wikidata.org/entity/Q7187640,Photo-erosion,,,,
http://www.wikidata.org/entity/Q7438748,Scranton Iron Furnaces,,,,
http://www.wikidata.org/entity/Q7604415,Statistical signal processing,,,,
http://www.wikidata.org/entity/Q11790210,medical sciences,,,,
http://www.wikidata.org/entity/Q7797027,Thouless energy,,,,
http://www.wikidata.org/entity/Q12910805,Suvodol coal mine,,,,
http://www.wikidata.org/entity/Q6468686,Lackawanna Coal Mine,,,,
http://www.wikidata.org/entity/Q10843274,analytic number theory,,,,
http://www.wikidata.org/entity/Q7936208,vision science,scientific study of vision,,,
http://www.wikidata.org/entity/Q7125552,Pakistan Coal Mines and Resources,,,,
http://www.wikidata.org/entity/Q7200976,"Planchas de Plata, Sonora",,,,
http://www.wikidata.org/entity/Q5327073,Earth Expeditions,educational program,,,
http://www.wikidata.org/entity/Q7627769,Student Team Achievement Division,,,,
http://www.wikidata.org/entity/Q7875986,UTC clade,,,,
http://www.wikidata.org/entity/Q5382731,epidemiology of snakebites,,,,
http://www.wikidata.org/entity/Q5337066,Edexcel,multinational education and examination body and privately owned examination board in the UK,,,
http://www.wikidata.org/entity/Q7444888,Secured by Design,,,,
http://www.wikidata.org/entity/Q7631676,submillimetre astronomy,,,,
http://www.wikidata.org/entity/Q5382727,epidemiology of obesity,,,,
http://www.wikidata.org/entity/Q6675857,loop quantum cosmology,,,,
http://www.wikidata.org/entity/Q7239270,Pre-stellar core,,,,
http://www.wikidata.org/entity/Q7893943,Universal Design for Learning,,,,
http://www.wikidata.org/entity/Q5251458,Defensible space theory,,,,
http://www.wikidata.org/entity/Q6314146,engineering management,,,,
http://www.wikidata.org/entity/Q7726524,Well Pharmacy,,,,
http://www.wikidata.org/entity/Q10854323,applied geology,"applications of geology in the economy, environmental activities and the society",,,
http://www.wikidata.org/entity/Q6019209,E-MYO,Distance Learning course,,,
http://www.wikidata.org/entity/Q5381367,environmental studies,multidisciplinary academic field which systematically studies human interaction with the environment in the interests of solving complex problems,,,
http://www.wikidata.org/entity/Q6822342,metabolic flux analysis,,,,
http://www.wikidata.org/entity/Q7061684,veterinary pathology,,,,
http://www.wikidata.org/entity/Q8328350,phytotrophology,,,,
http://www.wikidata.org/entity/Q6764278,marine botany,,,,
http://www.wikidata.org/entity/Q12046735,premuseology,,,,
http://www.wikidata.org/entity/Q12036434,metamuseology,,,,
http://www.wikidata.org/entity/Q10859046,audio-psycho-phonology,,,,
http://www.wikidata.org/entity/Q12029211,kinanthropology,,,,
http://www.wikidata.org/entity/Q11602445,quaternary geology,,,,
http://www.wikidata.org/entity/Q5341296,educational program,program written by the institution of education which determines the learning progress of individuals,,,
http://www.wikidata.org/entity/Q5382732,Epidemiology of syphilis,Epidemiology of syphillis,,,
http://www.wikidata.org/entity/Q6179942,Jensen Electronics,consumer electronics brand,,,
http://www.wikidata.org/entity/Q6485101,landscape history,study of the way in which humanity has changed the physical appearance of the environment,,,
http://www.wikidata.org/entity/Q10979515,general economics,examines correlations in the production and distribution of goods and factors of production,,,
http://www.wikidata.org/entity/Q6662870,Lloyds Pharmacy,British pharmacy company,,,
http://www.wikidata.org/entity/Q6982026,naval stores,shipbuilding term,,,
http://www.wikidata.org/entity/Q7189431,viral phylodynamics,"the study of how epidemiological, immunological, and evolutionary processes act and potentially interact to shape viral phylogenies",,,
http://www.wikidata.org/entity/Q6982027,naval stores industry,part of shipbuilding,,,
http://www.wikidata.org/entity/Q7310885,relaxometry,study of relaxation variables in NMR/MRI,,,
http://www.wikidata.org/entity/Q12372121,Q12372121,blood vessels,,,
http://www.wikidata.org/entity/Q11939703,Pla Especial de Reforma Interior,Catalan government agency,,,
http://www.wikidata.org/entity/Q16992834,Giles Academy,mixed secondary school and sixth form,,,
http://www.wikidata.org/entity/Q13112684,Dashamoolam,An ayurvedic medicine called Arishtam,,,
http://www.wikidata.org/entity/Q17442658,Adverse Childhood Experiences Study,research study,,,
http://www.wikidata.org/entity/Q13059744,Q13059744,,,,
http://www.wikidata.org/entity/Q13059962,Q13059962,,,,
http://www.wikidata.org/entity/Q13168756,Q13168756,,,,
http://www.wikidata.org/entity/Q13437126,Q13437126,,,,
http://www.wikidata.org/entity/Q15879450,Q15879450,,,,
http://www.wikidata.org/entity/Q15895295,Q15895295,,,,
http://www.wikidata.org/entity/Q15915706,Q15915706,,,,
http://www.wikidata.org/entity/Q17036211,Q17036211,,,,
http://www.wikidata.org/entity/Q17126728,Q17126728,,,,
http://www.wikidata.org/entity/Q18066618,Q18066618,,,,
http://www.wikidata.org/entity/Q17052385,Electronics industry in Bangladesh,Electronics industry,,,
http://www.wikidata.org/entity/Q17984545,Gordons Chemist,,,,
http://www.wikidata.org/entity/Q19713734,Q19713734,,,,
http://www.wikidata.org/entity/Q19715505,Q19715505,,,,
http://www.wikidata.org/entity/Q18385630,Zombie star,,,,
http://www.wikidata.org/entity/Q20097165,Q20097165,,,,
http://www.wikidata.org/entity/Q20104094,Q20104094,,,,
http://www.wikidata.org/entity/Q20820202,Q20820202,,,,
http://www.wikidata.org/entity/Q20932794,Q20932794,,,,
http://www.wikidata.org/entity/Q20939365,Q20939365,,,,
http://www.wikidata.org/entity/Q20942418,Q20942418,,,,
http://www.wikidata.org/entity/Q21008870,Q21008870,,,,
http://www.wikidata.org/entity/Q21032678,Q21032678,,,,
http://www.wikidata.org/entity/Q21075336,Q21075336,,,,
http://www.wikidata.org/entity/Q21081653,Q21081653,,,,
http://www.wikidata.org/entity/Q21081938,Q21081938,,,,
http://www.wikidata.org/entity/Q21086227,Q21086227,,,,
http://www.wikidata.org/entity/Q21086774,Q21086774,,,,
http://www.wikidata.org/entity/Q21086858,Q21086858,,,,
http://www.wikidata.org/entity/Q21086927,Q21086927,,,,
http://www.wikidata.org/entity/Q21087324,Q21087324,,,,
http://www.wikidata.org/entity/Q22136995,Q22136995,,,,
http://www.wikidata.org/entity/Q20995345,Display Specimen,,,,
http://www.wikidata.org/entity/Q20995344,Teaching Specimen,,,,
http://www.wikidata.org/entity/Q21955304,Lunatic,mining in South Australia,,,
http://www.wikidata.org/entity/Q23500525,Q23500525,,,,
http://www.wikidata.org/entity/Q22068195,Caieira Abilio Pedro,,,,
http://www.wikidata.org/entity/Q22070546,Mineração Tabatinga,,,,
http://www.wikidata.org/entity/Q22070547,Mineração Tabatinga,,,,
http://www.wikidata.org/entity/Q22070545,Mineração Tabatinga,,,,
http://www.wikidata.org/entity/Q22070576,Mineração Tabatinga,,,,
http://www.wikidata.org/entity/Q15091423,Brane cosmology,,,,
http://www.wikidata.org/entity/Q25376901,Q25376901,,,,
http://www.wikidata.org/entity/Q25421904,Q25421904,,,,
http://www.wikidata.org/entity/Q21552870,EF English Live,"Online English course 24/7. It offers self-study lessons, private teacher-led and group conversation classes with native English teachers",,,
http://www.wikidata.org/entity/Q26710929,Q26710929,,,,
http://www.wikidata.org/entity/Q28122966,Q28122966,,,,
http://www.wikidata.org/entity/Q22068515,Sociedade de Investimentos de Moçambique,,,,
http://www.wikidata.org/entity/Q13439429,biomedical sciences,"set of applied sciences applying portions of natural science or formal science, or both, to knowledge, interventions, or technology that are of use in healthcare or public health",,,
http://www.wikidata.org/entity/Q20566390,Quran and Physics,,,,
http://www.wikidata.org/entity/Q24842993,Josvaminen,,,,
http://www.wikidata.org/entity/Q20995343,Research Specimen,,,,
http://www.wikidata.org/entity/Q13526509,creolistics,"scientific study of creole languages and, as such, is a subfield of linguistics",,,
http://www.wikidata.org/entity/Q22018214,Mineradora Itapessoca,,,,
http://www.wikidata.org/entity/Q22070871,Mineração Vanessa,,,,
http://www.wikidata.org/entity/Q20566398,Quran and Astronomy,,,,
http://www.wikidata.org/entity/Q13636890,algorithmics,study of algorithms and data structures,,,
http://www.wikidata.org/entity/Q17052247,Mining in Taiwan,,,,
http://www.wikidata.org/entity/Q22018215,Mineradora São Severino,,,,
http://www.wikidata.org/entity/Q22018213,Mineradora Casa de Pedra,,,,
http://www.wikidata.org/entity/Q22068513,Companhia Siderúrgica Moji das Cruzes,,,,
http://www.wikidata.org/entity/Q22068489,Mineração Brasileira Reunidas,,,,
http://www.wikidata.org/entity/Q22068511,Mineração Brasileira Reunidas,,,,
http://www.wikidata.org/entity/Q22068520,Mineração Brasileira Reunidas,,,,
http://www.wikidata.org/entity/Q22070772,Mineração ENCEPAR,,,,
http://www.wikidata.org/entity/Q16510531,Puits du Villaret,,,,
http://www.wikidata.org/entity/Q17155720,Epidemiology of diabetes mellitus,,,,
http://www.wikidata.org/entity/Q22037180,Panela de Brejaúva,,,,
http://www.wikidata.org/entity/Q22070094,Mineração Saõ Bras,,,,
http://www.wikidata.org/entity/Q18249734,Student Spaceflight Experiments Program,education outreach and spaceflight program,,,
http://www.wikidata.org/entity/Q27999007,Kumeyaay astronomy,,,,
http://www.wikidata.org/entity/Q16510530,Puits de Rioux,,,,
http://www.wikidata.org/entity/Q16526661,"descriptive, topographic and functional human anatomy",,,,
http://www.wikidata.org/entity/Q18088718,ceramics reduction firing,,,,
http://www.wikidata.org/entity/Q22068753,Minerao Valpa,,,,
http://www.wikidata.org/entity/Q16526674,aeropalynology,,,,
http://www.wikidata.org/entity/Q28455610,Social Purpose Education,,,,
http://www.wikidata.org/entity/Q22069968,Lavra Experimental Companhia de Recursos Minerais,,,,
http://www.wikidata.org/entity/Q13434958,valeology,,,,
http://www.wikidata.org/entity/Q28082556,Q28082556,book by Philippe Buache,,,
http://www.wikidata.org/entity/Q13638319,bioimplantology,,,,
http://www.wikidata.org/entity/Q25112148,Social behavior in education,,,,
http://www.wikidata.org/entity/Q17282409,metallomics,,,,
http://www.wikidata.org/entity/Q23023113,Dinclix GroundWorks,"Multinational management consulting, Cloud Technology services, Research and Development",,,
http://www.wikidata.org/entity/Q17138687,pathological morphology,,,,
http://www.wikidata.org/entity/Q20755040,geobiocenology,,,,
http://www.wikidata.org/entity/Q25411523,diffusionism,,,,
http://www.wikidata.org/entity/Q23064627,rocketry,the science of rockets,,,
http://www.wikidata.org/entity/Q16335159,fluxomics,branch of science,,,
http://www.wikidata.org/entity/Q27538533,Orgelkids,educational project for pipe organ,,,
http://www.wikidata.org/entity/Q19902932,Multiplay,recording trick,,,
http://www.wikidata.org/entity/Q15141361,peace studies,branch of political science,,,
http://www.wikidata.org/entity/Q20183175,Vaginal cytology,examination of cells from the vaginal epithelium,,,
http://www.wikidata.org/entity/Q15877679,Lambert Coordinates,Lambert Coordinates,,,
http://www.wikidata.org/entity/Q20737859,Meridian ring,Part of the mount of a globe to establish latitude,,,
http://www.wikidata.org/entity/Q23688644,epileptology,the study of epilepsy,,,
http://www.wikidata.org/entity/Q20730570,batology,Study of brambles,,,
http://www.wikidata.org/entity/Q61828402,Buddha Institute of Technology,Buddha Institute of Technology College A Unit of BIT Group of Institutions B.Tech & Polytechnic College in Gaya (Bihar),,,
http://www.wikidata.org/entity/Q61828481,BIT GROUP OF INSTITUTIONS,"BIT Group of Institutions A Unit of One B.Tech, Two Polytechnic, One Pharmacy,One M.Ed, Three B.Ed, Three D.El.Ed or D.Ed, Two ITI, Two School Institute Available Under BIT Group.",,,
http://www.wikidata.org/entity/Q61914081,Lloyds Bank Academy,"Launched by Lloyds Bank, the Academy is a free initiative focused on improving the basic digital skills of individuals and communities. The Academy offers both online and face-to-face training.",,,
http://www.wikidata.org/entity/Q50568051,University of Oklahoma Center for English as a Second Language,English Language Program,,,
http://www.wikidata.org/entity/Q54931903,yin deficiency,"in the yin-yang system of philosophy and medicine, an insufficiency of body fluid (called yinxu)",,,
http://www.wikidata.org/entity/Q56318992,collapsology,study of the collapse of the industrial civilization and what could follow it,,,
http://www.wikidata.org/entity/Q58282116,Bergbau in Burgthann,"Cultural heritage monument in Landkreis Nürnberger Land, Bavaria, Germany near N49.35979/E11.35578",,,
http://www.wikidata.org/entity/Q50361040,The Ogburn Online School,"The Ogburn Online School provides homeschooling programs for students of middle school, elementary school and high school students.",,,
http://www.wikidata.org/entity/Q29907139,International Center for Agribusiness Research and Education,Armenian non-profit organization,,,
http://www.wikidata.org/entity/Q28974032,Q28974032,,,,
http://www.wikidata.org/entity/Q29565117,Q29565117,,,,
http://www.wikidata.org/entity/Q30084646,Q30084646,,,,
http://www.wikidata.org/entity/Q30337832,Q30337832,,,,
http://www.wikidata.org/entity/Q62056417,Biopark,"A pioneering initiative for the development of scientific research and technology in the western of Paraná, Brazil",,,
http://www.wikidata.org/entity/Q18346,physical cosmology,branch of astronomy,,,
http://www.wikidata.org/entity/Q30134612,Water architecture,"set of works and studies related to the different hydraulic infrastructures, their management and development",,,
http://www.wikidata.org/entity/Q57082815,Pacific and Asian studies,"academic field that includes Asian, East Asian, and Pacific area studies",,,
http://www.wikidata.org/entity/Q41791822,Q41791822,,,,
http://www.wikidata.org/entity/Q41799957,Q41799957,,,,
http://www.wikidata.org/entity/Q42293870,Q42293870,,,,
http://www.wikidata.org/entity/Q54926905,yang deficiency,"In the yin-yang system of philosophy and medicine, a lack of vital energy (yangxu in Chinese)",,,
http://www.wikidata.org/entity/Q33122512,human and social sciences,,,,
http://www.wikidata.org/entity/Q7922,pedagogy,the study of education,,,
http://www.wikidata.org/entity/Q46913537,Q46913537,,,,
http://www.wikidata.org/entity/Q6333,stellar dynamics,branch of astrophysics that statistically models the collective movement of stars,,,
http://www.wikidata.org/entity/Q50069695,Q50069695,,,,
http://www.wikidata.org/entity/Q50312583,Q50312583,,,,
http://www.wikidata.org/entity/Q51057165,Q51057165,,,,
http://www.wikidata.org/entity/Q43736907,Hpa-An Education College,,,,
http://www.wikidata.org/entity/Q48783083,administration,,,,
http://www.wikidata.org/entity/Q30162916,Snake milking,,,,
http://www.wikidata.org/entity/Q55171801,Q55171801,,,,
http://www.wikidata.org/entity/Q55587445,Q55587445,,,,
http://www.wikidata.org/entity/Q55653436,Q55653436,,,,
http://www.wikidata.org/entity/Q55653443,Q55653443,,,,
http://www.wikidata.org/entity/Q62393596,STEAM education,"learning in science, technology, engineering, art and mathematics fields",,,
http://www.wikidata.org/entity/Q56408511,Q56408511,,,,
http://www.wikidata.org/entity/Q57893342,Q57893342,,,,
http://www.wikidata.org/entity/Q57932647,Q57932647,,,,
http://www.wikidata.org/entity/Q57933516,Q57933516,,,,
http://www.wikidata.org/entity/Q58197701,Q58197701,,,,
http://www.wikidata.org/entity/Q59832630,Q59832630,,,,
http://www.wikidata.org/entity/Q28666741,study of Jangar,,,,
http://www.wikidata.org/entity/Q61810303,Q61810303,,,,
http://www.wikidata.org/entity/Q3999,human anatomy,scientific study of the morphology of the human body,,,
http://www.wikidata.org/entity/Q4306,radio astronomy,subfield of astronomy that studies celestial objects at radio frequencies,,,
http://www.wikidata.org/entity/Q44497,mining,extraction of valuable minerals or other geological materials from the earth,,,
http://www.wikidata.org/entity/Q37547,astrophysics,branch of astronomy,,,
http://www.wikidata.org/entity/Q59950,urbanism,characteristic way of interaction of inhabitants of towns and cities with the built environment,,,
http://www.wikidata.org/entity/Q51595913,Fieser-Kuhn Rules,Formulas predicting maximum absorption wavelenght for polyenes with more than 4 double bonds,,,
http://www.wikidata.org/entity/Q16360,aeronomy,science of the upper region of the atmosphere,,,
http://www.wikidata.org/entity/Q52151,palaeogeography,the study of historical geography,,,
http://www.wikidata.org/entity/Q32155,GameChangers,program for ad hoc education and research on IT business,,,
http://www.wikidata.org/entity/Q42515,cartography,study of making maps,,,
http://www.wikidata.org/entity/Q59046,Kongsberg Silverworks,"silverworks (silver mine) in Kongsberg, Norway",,,
http://www.wikidata.org/entity/Q36161722,Molecular Epidemiology of Entamoeba: First Description of Entamoeba moshkovskii in a Rural Area from Central Colombia.,scientific article,,,
http://www.wikidata.org/entity/Q8434,education,learning in which knowledge and skills is transferred through teaching,,,
http://www.wikidata.org/entity/Q7218,toxicology,"branch of biology, chemistry, and medicine",,,
http://www.wikidata.org/entity/Q7155,ethology,scientific and objective study of animal behavior,,,
http://www.wikidata.org/entity/Q22719,astronautics,theory and practice of navigation beyond the Earth's atmosphere,,,
http://www.wikidata.org/entity/Q48258816,history of textiles,study of the development of textiles and textile processes over time,,,
http://www.wikidata.org/entity/Q413,physics,"study of matter and its motion, along with related concepts such as energy and force",,,
http://www.wikidata.org/entity/Q52084073,anarchist anthropology,,,,
http://www.wikidata.org/entity/Q54766582,The Alexandra Girls’ English Institution,,,,
http://www.wikidata.org/entity/Q59245759,Mainfor,professional training,,,
http://www.wikidata.org/entity/Q59771430,forestry,"science and technology of producing and using  fuel, fiber, and reclamation",,,
http://www.wikidata.org/entity/Q47010302,gas adsorption chromatography,,,,
http://www.wikidata.org/entity/Q47087057,mathematical forecasting,,,,
http://www.wikidata.org/entity/Q60198411,celestial cartography,,,,
http://www.wikidata.org/entity/Q32179199,Code Hub,Learn Coding and much more about Computer and it's related fields.,,,
http://www.wikidata.org/entity/Q49298,force spectroscopy,,,,
http://www.wikidata.org/entity/Q56189129,Mario ricardo vargas,,,,
http://www.wikidata.org/entity/Q59222329,meta sociology,,,,
http://www.wikidata.org/entity/Q62090638,Neurobiology of lies and deception,,,,
http://www.wikidata.org/entity/Q62697021,Aerosolscience,,,,
http://www.wikidata.org/entity/Q37437,syntax,the scientific field that studies the inner structure of sentences,,,
http://www.wikidata.org/entity/Q28842424,cross vein,mining vocabulary of the Saxony mining district,,,
http://www.wikidata.org/entity/Q60500263,Green diploma,certification for DaF instructors at Goethe-Institut locations abroad,,,
http://www.wikidata.org/entity/Q28918324,Scientometrics 2.0: New metrics of scholarly impact on the social Web,scientific article (publication date: 5 July 2010),,,
http://www.wikidata.org/entity/Q57911252,Ugatech Uganda Limited,"Ugatech Technologies Uganda Limited is a registered Technology Company dealing inInternet Marketing, Social Medial Management, Search Engine Optimization, Website Development & management and many more",,,
http://www.wikidata.org/entity/Q61775818,berciana mining basin,berciana mining basin,,,
http://www.wikidata.org/entity/Q52930727,English,a side spin applied to a ball or cue in sports,,,
http://www.wikidata.org/entity/Q46255,geophysics,physical processes and phenomena occurring in the earth and in its vicinity,branch of science,physics,http://commons.wikimedia.org/wiki/Special:FilePath/Earth%20cutaway.png
http://www.wikidata.org/entity/Q46255,geophysics,physical processes and phenomena occurring in the earth and in its vicinity,branch of science,physics,http://commons.wikimedia.org/wiki/Special:FilePath/Earth%20gravity.png
http://www.wikidata.org/entity/Q46255,geophysics,physical processes and phenomena occurring in the earth and in its vicinity,branch of science,physics,http://commons.wikimedia.org/wiki/Special:FilePath/Magnetosphere%20rendition.jpg
http://www.wikidata.org/entity/Q52109,geomorphology,the scientific study of landforms and the processes that shape them,branch of science,physical geography,http://commons.wikimedia.org/wiki/Special:FilePath/Earth%20seafloor%20crust%20age%201996%20-%202.png
http://www.wikidata.org/entity/Q52109,geomorphology,the scientific study of landforms and the processes that shape them,branch of science,physical geography,http://commons.wikimedia.org/wiki/Special:FilePath/Glacial%20landscape%20LMB.png
http://www.wikidata.org/entity/Q614304,pharmacy,academic discipline studying preparation and dispensation of medicines,branch of science,medicine,http://commons.wikimedia.org/wiki/Special:FilePath/Bowl%20Of%20Hygieia%20by%20David.svg
http://www.wikidata.org/entity/Q5268834,Information and Communications Technology,industry,Information Technology,technology,http://commons.wikimedia.org/wiki/Special:FilePath/Internet.JPG
http://www.wikidata.org/entity/Q5268834,Information and Communications Technology,industry,Information Technology,technology,http://commons.wikimedia.org/wiki/Special:FilePath/Ref%20computers.jpg
http://www.wikidata.org/entity/Q428986,Linear city,,urbanism,city,http://commons.wikimedia.org/wiki/Special:FilePath/Ciudad%20Lineal-perfil.jpg
http://www.wikidata.org/entity/Q1567507,Traditional Tibetan medicine,,traditional medicine,traditional medicine,http://commons.wikimedia.org/wiki/Special:FilePath/MenlaGyamtso.jpg
http://www.wikidata.org/entity/Q614304,pharmacy,academic discipline studying preparation and dispensation of medicines,interdisciplinary science,medicine,http://commons.wikimedia.org/wiki/Special:FilePath/Bowl%20Of%20Hygieia%20by%20David.svg
http://www.wikidata.org/entity/Q5268834,Information and Communications Technology,industry,Information Technology,industry,http://commons.wikimedia.org/wiki/Special:FilePath/Internet.JPG
http://www.wikidata.org/entity/Q5268834,Information and Communications Technology,industry,Information Technology,industry,http://commons.wikimedia.org/wiki/Special:FilePath/Ref%20computers.jpg
http://www.wikidata.org/entity/Q614304,pharmacy,academic discipline studying preparation and dispensation of medicines,branch of science,organic chemistry,http://commons.wikimedia.org/wiki/Special:FilePath/Bowl%20Of%20Hygieia%20by%20David.svg
http://www.wikidata.org/entity/Q771035,traditional medicine,medicine based on traditional beliefs,medicine,alternative medicine,http://commons.wikimedia.org/wiki/Special:FilePath/Curandera%20performing%20a%20limpieza.jpg
http://www.wikidata.org/entity/Q269323,natural philosophy,ancient philosophical study of nature and physical universe that was dominant before the development of modern science. It is considered to be the precursor of natural science,branch of science,philosophy,http://commons.wikimedia.org/wiki/Special:FilePath/NewtonsPrincipia.jpg
http://www.wikidata.org/entity/Q1381169,electronic data processing,use of automated methods to process commercial data,Information Technology,computer data processing,http://commons.wikimedia.org/wiki/Special:FilePath/Bundesarchiv%20B%20145%20Bild-F038812-0022%2C%20Wolfsburg%2C%20VW%20Autowerk%2C%20EDV.jpg
http://www.wikidata.org/entity/Q614304,pharmacy,academic discipline studying preparation and dispensation of medicines,academic major,medicine,http://commons.wikimedia.org/wiki/Special:FilePath/Bowl%20Of%20Hygieia%20by%20David.svg
http://www.wikidata.org/entity/Q614304,pharmacy,academic discipline studying preparation and dispensation of medicines,interdisciplinary science,organic chemistry,http://commons.wikimedia.org/wiki/Special:FilePath/Bowl%20Of%20Hygieia%20by%20David.svg
http://www.wikidata.org/entity/Q5268834,Information and Communications Technology,industry,economic branch,technology,http://commons.wikimedia.org/wiki/Special:FilePath/Internet.JPG
http://www.wikidata.org/entity/Q5268834,Information and Communications Technology,industry,economic branch,technology,http://commons.wikimedia.org/wiki/Special:FilePath/Ref%20computers.jpg
http://www.wikidata.org/entity/Q3318174,draping,forming the shape of a garment by manipulating and pinning a length of fabric directly on a mannequin,engineering,textile process,http://commons.wikimedia.org/wiki/Special:FilePath/Draping%20example%20by%20Jeanette%20Aultz%202013.jpg
http://www.wikidata.org/entity/Q614304,pharmacy,academic discipline studying preparation and dispensation of medicines,academic major,organic chemistry,http://commons.wikimedia.org/wiki/Special:FilePath/Bowl%20Of%20Hygieia%20by%20David.svg
http://www.wikidata.org/entity/Q5268834,Information and Communications Technology,industry,economic branch,industry,http://commons.wikimedia.org/wiki/Special:FilePath/Internet.JPG
http://www.wikidata.org/entity/Q5268834,Information and Communications Technology,industry,economic branch,industry,http://commons.wikimedia.org/wiki/Special:FilePath/Ref%20computers.jpg
http://www.wikidata.org/entity/Q192280,Sex education,instruction on issues relating to human sexuality,education,health education,http://commons.wikimedia.org/wiki/Special:FilePath/Barbara-Hastings-Asatourian.jpg
